page,views
Cookie_(informatique),1699054
Alexander_Zverev,567727
Marjane_Satrapi,370184
Soudan_du_Sud,312683
Bernadette_Chirac,285241
Mirra_Andreeva,263555
Flavio_Cobolli,230466
Maja_Chwalińska,219771
Edgar_Morin,212495
Aryna_Sabalenka,155628
Coupe_du_monde_de_football_2026,146965
XXX,143954
Diana_Shnaider,141233
Jacques_Chirac,126854
L'Été_36_(série_télévisée),117390
Désiré_Doué,114594
Guéla_Doué,113138
Rafael_Nadal,104358
Affaire_Dupont_de_Ligonnès,102059
Félix_Auger-Aliassime,100624
Mary_Pierce,97088
André_Santini,95031
Ligue_des_champions_de_l'UEFA,84965
Internationaux_de_France_de_tennis,84135
Patrick_Bruel,84106
Rayan_Cherki,79329
Marta_Kostyuk,77896
Jakub_Menšík,75026
Michael_Jackson,73622
Steven_Spielberg,72714
Conchita_Martínez,71497
La_Bataille_de_Gaulle,71017
Andre_Agassi,67305
Luis_Enrique,66647
Liste_de_sondages_sur_l'élection_présidentielle_française_de_2027,66033
Claude_Chirac,64993
Kylian_Mbappé,64498
Matteo_Arnaldi,64267
Amélie_Mauresmo,63312
Sophia_Thomalla,62112
Arnaud_Prost,61294
wiki.phtml,60273
Novak_Djokovic,60246
Matthieu_Pigasse,59586
YouTube,58490
Matteo_Berrettini,55981
Ousmane_Dembélé,55666
Justine_Henin,54530
Elina_Svitolina,54271
Fleurance,54104
Victor_Wembanyama,53862
Paris_Saint-Germain_Football_Club,53503
Mourir_peut_attendre,53051
Areski_Belkacem,52289
Anthony_Stewart_Head,52043
Grand_Chelem_(tennis),51477
François_Darlan,51299
Affaire_Lyhanna,50738
Décès_en_juin_2026,50603
Roger_Federer,50596
Michael_Olise,49794
Michel-Ange,49530
Charles_de_Gaulle,48691
Jannik_Sinner,47796
Coupe_du_monde_de_football,47572
Dua_Lipa,47256
France,47145
XNXX,46461
L'Or_bleu_(série_télévisée),46277
Laurent_Gamelon,45319
Il_était_une_fois_la_révolution,44825
Didier_Deschamps,44787
Le_Jour_le_plus_long,44354
Alizé_Cornet,43577
Cristiano_Ronaldo,42350
Frances_Tiafoe,41961
Sabah_Abouessalam,41908
Karl_Olive,41725
ChatGPT,41654
Ibrahima_Konaté,41078
Diane_Parry,40758
Sa_Majesté_des_mouches,40639
Palmarès_du_simple_messieurs_des_Internationaux_de_France,39977
Jacqueline_Chabridon,39882
Callum_Turner,39769
Naomi_Osaka,39629
Bataille_de_Bir_Hakeim,39466
Carlos_Alcaraz,39163
Steffi_Graf,39105
Persepolis_(film),38805
Élection_présidentielle_française_de_2027,38782
Caroline_Garcia,38406
Renaud,38242
Pierre_Deny,37673
Forteresse_de_Beaufort,36455
Liste_des_films_de_James_Bond,36252
As_bestas,36026
Aya_Nakamura,35996
Fernand_Bonnier_de_La_Chapelle,35725
Anna_Kalinskaya,35392
